epoch_label,auc
D20170630,0.9828025376478934
D20170712,0.9804176533451229
D20170724,0.9773883879443906
D20170805,0.9764858691270659
D20170817,0.9772270518697888
D20170829,0.973085289954638
D20170910,0.9631031621389021
D20170922,0.9601918887927293
D20171004,0.9600488535265899
D20171016,0.9778121961403595
D20171028,0.9784553732377645
D20171109,0.9755925007139723
D20171121,0.9798965619041702
D20171203,0.9754253854366982
D20171215,0.9832778770676903
D20171227,0.9804253589486859
D20180108,0.9813813353907294
D20180120,0.9840778150375817
D20180201,0.9887165883825505
D20180213,0.9864894281527116
D20180225,0.9882012761442701
